	family_id	twin_A_id	twin_A_age	twin_A_sex	twin_B_id	twin_B_age	twin_B_sex
0	fam-0001	sub-0001	14	M	sub-0018	14	M
2	fam-0002	sub-0004	11	M	sub-0420	11	M
3	fam-0088	sub-0005	12	F	sub-0178	12	F
5	fam-0003	sub-0007	10	F	sub-0048	10	F
6	fam-0014	sub-0010	16	F	sub-0036	16	F
7	fam-0137	sub-0013	10	F	sub-0261	10	F
8	fam-0082	sub-0015	12	M	sub-0171	12	M
9	fam-0093	sub-0016	11	F	sub-0183	11	F
10	fam-0007	sub-0017	15	M	sub-0059	15	M
12	fam-0008	sub-0019	11	F	sub-0213	11	F
13	fam-0009	sub-0020	12	M	sub-0310	12	M
14	fam-0202	sub-0021	13	F	sub-0372	13	F
16	fam-0011	sub-0028	13	M	sub-0408	13	M
17	fam-0012	sub-0031	12	M	sub-0161	12	M
18	fam-0110	sub-0032	15	F	sub-0223	15	F
20	fam-0015	sub-0037	13	F	sub-0078	13	F
22	fam-0018	sub-0041	10	M	sub-0292	10	M
23	fam-0092	sub-0042	12	M	sub-0182	12	M
24	fam-0151	sub-0043	12	F	sub-0279	12	F
25	fam-0097	sub-0047	12	F	sub-0188	12	F
27	fam-0081	sub-0049	12	M	sub-0170	12	M
29	fam-0019	sub-0051	12	M	sub-0086	12	M
30	fam-0122	sub-0053	15	F	sub-0242	15	F
31	fam-0199	sub-0054	13	M	sub-0363	13	M
32	fam-0050	sub-0058	14	M	sub-0111	14	M
35	fam-0204	sub-0064	13	F	sub-0374	13	F
37	fam-0023	sub-0068	13	M	sub-0375	13	M
38	fam-0028	sub-0072	14	M	sub-0158	14	M
40	fam-0033	sub-0075	13	F	sub-0084	13	F
41	fam-0146	sub-0076	11	F	sub-0273	11	F
44	fam-0206	sub-0080	11	F	sub-0378	11	F
45	fam-0085	sub-0081	10	F	sub-0174	10	F
47	fam-0034	sub-0085	12	M	sub-0403	12	M
49	fam-0036	sub-0088	14	M	sub-0337	14	M
50	fam-0128	sub-0091	13	M	sub-0249	13	M
51	fam-0038	sub-0092	11	M	sub-0151	11	M
52	fam-0222	sub-0093	15	F	sub-0418	15	F
54	fam-0045	sub-0105	13	F	sub-0120	13	F
55	fam-0046	sub-0106	13	F	sub-0322	13	F
58	fam-0188	sub-0112	12	M	sub-0350	12	M
64	fam-0220	sub-0123	14	F	sub-0404	14	F
65	fam-0056	sub-0125	11	F	sub-0412	11	F
66	fam-0057	sub-0126	12	F	sub-0411	12	F
67	fam-0058	sub-0127	12	M	sub-0164	12	M
68	fam-0059	sub-0128	14	F	sub-0232	14	F
69	fam-0063	sub-0134	12	M	sub-0190	12	M
70	fam-0216	sub-0136	14	F	sub-0396	14	F
71	fam-0066	sub-0139	13	F	sub-0156	13	F
72	fam-0179	sub-0141	11	M	sub-0331	11	M
73	fam-0207	sub-0144	13	F	sub-0382	13	F
77	fam-0211	sub-0154	10	M	sub-0388	10	M
80	fam-0075	sub-0159	12	M	sub-0203	12	M
83	fam-0076	sub-0162	14	M	sub-0413	14	M
84	fam-0077	sub-0163	13	F	sub-0328	13	F
86	fam-0078	sub-0165	11	F	sub-0215	11	F
92	fam-0086	sub-0175	14	F	sub-0321	14	F
94	fam-0091	sub-0181	11	M	sub-0366	11	M
97	fam-0095	sub-0186	14	M	sub-0214	14	M
101	fam-0193	sub-0194	11	F	sub-0357	11	F
103	fam-0103	sub-0200	14	F	sub-0419	14	F
107	fam-0105	sub-0209	10	F	sub-0226	10	F
115	fam-0114	sub-0229	10	M	sub-0314	10	M
116	fam-0115	sub-0231	10	F	sub-0263	10	F
119	fam-0120	sub-0239	14	F	sub-0302	14	F
120	fam-0172	sub-0240	11	F	sub-0317	11	F
126	fam-0129	sub-0250	12	M	sub-0353	12	M
132	fam-0142	sub-0269	13	M	sub-0421	13	M
135	fam-0200	sub-0276	14	F	sub-0365	14	F
137	fam-0213	sub-0282	14	M	sub-0392	14	M
140	fam-0159	sub-0293	12	F	sub-0409	12	F
142	fam-0162	sub-0297	14	M	sub-0389	14	M
143	fam-0165	sub-0299	12	F	sub-0400	12	F
151	fam-0183	sub-0320	11	F	sub-0340	11	F
155	fam-0209	sub-0325	11	M	sub-0385	11	M
156	fam-0176	sub-0326	12	F	sub-0390	12	F
167	fam-0194	sub-0358	13	F	sub-0369	13	F